Métrica,Media,IC_inferior,IC_superior
Prima,200679311128.40625,177864538892.27966,223494083364.53284
RSA_Pagos_IBNR,102895065628.25,-148323653672.9145,354113784929.4145
LR,0.5079999999998108,-0.9313951183284332,1.947395118328055
